place,lat,long,mention_count,date
place_0,33.5078,35.4475,819,23-06-2020
place_1,34.5194,36.3164,706,11-05-2020
place_2,33.6828,35.5142,455,20-04-2020
place_3,33.4958,35.7472,747,03-04-2020
place_4,33.5616,35.3847,521,21-02-2020
place_5,33.7193,35.4866,662,02-04-2020
place_6,34.0386,35.6678,462,17-03-2020
place_7,34.1032,35.7764,882,09-08-2020
place_8,33.1989,35.2767,203,06-04-2020
place_9,34.4089,35.9664,519,19-02-2020
place_10,34.1192,35.7697,502,12-03-2020
place_11,33.1183,35.4281,298,06-07-2020
place_12,33.8928,35.5769,798,11-08-2020
place_13,33.6608,35.4896,101,02-06-2020
place_14,33.5017,35.4786,876,29-06-2020
place_15,34.2853,36.3556,317,01-02-2020
place_16,33.8667,35.8958,764,31-02-2020
place_17,33.7200,35.8553,264,29-06-2020
place_18,33.7586,35.5258,844,05-04-2020
place_19,34.0523,35.6755,313,30-06-2020
place_20,34.1211,35.6481,597,13-08-2020
place_21,34.2436,35.9625,756,04-06-2020
place_22,33.4675,35.5733,859,12-08-2020
place_23,34.1950,35.7464,577,20-08-2020
place_24,34.3622,35.9114,685,20-06-2020
place_25,33.4454,35.2783,278,07-05-2020
place_26,33.1831,35.2033,755,22-05-2020
place_27,33.7656,35.8117,597,30-05-2020
place_28,33.7658,35.8258,939,07-03-2020
place_29,33.8025,35.5883,961,05-02-2020
place_30,34.0275,35.7189,730,26-05-2020
place_31,33.9772,35.6586,614,17-03-2020
place_32,34.2147,35.7314,244,10-06-2020
place_33,34.2706,35.9936,328,28-05-2020
place_34,34.0708,35.6667,480,27-08-2020
place_35,33.2092,35.5150,711,30-04-2020
place_36,34.2494,35.9294,402,19-08-2020
place_37,33.2431,35.3819,212,10-03-2020
place_38,34.0947,36.0508,579,15-03-2020
place_39,33.5142,35.4031,254,14-07-2020
place_40,33.6828,35.5106,623,19-05-2020
place_41,34.2589,35.8768,341,03-04-2020
place_42,34.2225,35.7058,619,05-02-2020
place_43,34.0467,35.6489,334,25-04-2020
place_44,34.6167,36.3667,389,06-04-2020
place_45,34.3289,35.8694,767,18-03-2020
place_46,33.7906,35.5569,376,24-06-2020
place_47,33.9797,35.7008,463,03-08-2020
place_48,33.7864,35.5425,645,03-05-2020
place_49,34.2908,35.7342,978,29-03-2020
place_50,34.3622,35.9114,943,08-07-2020
place_51,34.4767,36.1825,452,07-03-2020
place_52,34.0028,35.7281,952,23-08-2020
place_53,34.1649,35.6639,148,26-08-2020
place_54,34.1800,35.7150,407,30-03-2020
place_55,34.2058,35.6569,169,06-03-2020
place_56,34.1894,35.6939,637,08-08-2020
place_57,33.4187,35.3290,350,11-03-2020
place_58,34.3628,35.8997,837,02-06-2020
place_59,34.0714,35.6831,661,21-03-2020
place_60,34.0836,36.0481,419,11-05-2020
place_61,34.3974,35.8949,874,09-02-2020
place_62,33.8847,35.8753,889,13-08-2020
place_63,34.3515,35.9567,190,14-04-2020
place_64,34.4783,36.1275,558,08-05-2020
place_65,33.8053,35.6000,818,25-06-2020
place_66,34.3325,35.8817,865,26-03-2020
place_67,33.8936,35.8017,127,15-05-2020
place_68,34.3456,36.0375,453,30-07-2020
place_69,34.6333,35.9778,115,13-04-2020
place_70,34.5297,36.1625,952,08-04-2020
place_71,33.5386,35.7461,616,12-06-2020
place_72,33.8478,35.5111,163,01-07-2020
place_73,33.7958,35.8178,407,31-05-2020
place_74,34.5189,36.1728,100,03-04-2020
place_75,33.5197,35.5533,667,15-06-2020
place_76,33.9794,35.7497,445,21-03-2020
place_77,33.8356,35.7078,449,29-06-2020
place_78,33.9344,35.6997,221,28-06-2020
place_79,34.1032,35.7764,977,17-03-2020
place_80,33.6889,35.4253,722,07-07-2020
place_81,34.1983,35.6711,505,06-03-2020
place_82,33.3878,35.3083,274,01-04-2020
place_83,33.8081,35.5547,113,12-08-2020
place_84,33.2708,35.2529,845,25-05-2020
place_85,34.3769,36.0256,656,04-05-2020
place_86,33.8879,35.4782,741,13-04-2020
place_87,33.6631,35.6203,528,27-03-2020
place_88,34.1336,35.6917,563,03-06-2020
place_89,34.5561,36.1233,163,27-03-2020
place_90,33.8511,36.0667,921,15-05-2020
place_91,34.2375,35.9003,450,11-08-2020
place_92,33.7853,35.9931,275,08-05-2020
place_93,33.5175,35.3689,142,08-03-2020
place_94,33.9903,36.1336,919,01-08-2020
place_95,34.0742,36.0500,825,13-06-2020
place_96,34.0708,35.6667,323,04-03-2020
place_97,33.8064,35.8675,120,21-06-2020
place_98,33.6897,35.5133,634,03-06-2020
place_99,34.1897,35.7272,991,31-06-2020
place_100,33.7576,35.4586,997,23-07-2020
place_101,34.0125,35.7747,865,06-05-2020
place_102,33.8122,36.0250,127,23-08-2020
place_103,33.9869,35.7128,338,23-02-2020
place_104,34.2467,35.9525,195,18-02-2020
place_105,33.1756,35.3767,276,22-04-2020
place_106,34.4664,35.9436,551,07-02-2020
place_107,34.3297,36.0103,967,02-02-2020
place_108,33.8331,35.5294,568,24-08-2020
place_109,33.8899,35.4739,259,15-06-2020
place_110,34.0892,35.7219,805,22-03-2020
place_111,34.0394,35.7305,153,28-05-2020
place_112,33.9994,35.6567,244,10-06-2020
place_113,33.1072,35.2092,437,13-08-2020
place_114,34.2722,35.9417,999,05-03-2020
place_115,33.7348,35.4878,224,04-04-2020
place_116,34.5869,36.3056,871,19-03-2020
place_117,34.1086,35.7814,523,02-07-2020
place_118,33.3917,35.4300,470,19-06-2020
place_119,33.9422,35.7850,476,26-07-2020
place_120,33.3005,35.3142,291,05-03-2020
place_121,33.4119,35.7263,237,04-02-2020
place_122,33.6761,35.6222,531,12-04-2020
place_123,34.1861,35.7378,805,06-05-2020
place_124,33.8153,35.7156,482,25-06-2020
place_125,33.6289,35.6061,291,12-02-2020
place_126,33.7164,35.6583,455,10-03-2020
place_127,34.2619,36.1294,251,24-07-2020
place_128,33.2602,35.3026,554,29-04-2020
place_129,33.7833,35.5000,524,02-02-2020
place_130,34.1392,35.8719,203,17-04-2020
place_131,33.3308,35.4236,507,13-05-2020
place_132,34.4056,35.9917,245,14-08-2020
place_133,34.5883,36.0792,891,02-02-2020
place_134,34.2294,35.7467,784,31-04-2020
place_135,34.1722,35.8939,475,06-02-2020
place_136,33.8203,35.8808,979,06-05-2020
place_137,33.2488,35.2349,666,29-05-2020
place_138,34.0436,36.0225,850,18-02-2020
place_139,34.3672,35.8787,903,12-06-2020
place_140,33.6277,35.4015,840,02-05-2020
place_141,33.5017,35.4786,109,12-03-2020
place_142,33.4597,35.5028,755,18-05-2020
place_143,33.9678,35.6156,885,02-08-2020
place_144,33.1585,35.1783,327,01-06-2020
place_145,34.4152,35.9367,355,20-03-2020
place_146,34.1519,36.1242,227,23-04-2020
place_147,33.6147,35.5197,721,26-07-2020
place_148,34.5972,36.3872,544,12-06-2020
place_149,34.1881,35.9050,179,10-04-2020
place_150,34.2453,35.8503,529,23-05-2020
place_151,33.8899,35.5213,106,26-03-2020
place_152,33.9908,36.2014,679,01-07-2020
place_153,34.0444,35.6792,599,05-04-2020
place_154,33.8167,35.8514,461,21-07-2020
place_155,34.1825,35.9019,826,16-03-2020
place_156,33.8069,35.6761,105,08-02-2020
place_157,33.9589,35.6347,108,23-07-2020
place_158,34.3472,35.9417,698,27-08-2020
place_159,34.5689,36.0958,964,13-08-2020
place_160,33.6397,35.4642,351,05-05-2020
place_161,34.1236,35.7000,244,13-03-2020
place_162,34.5169,35.9683,908,09-03-2020
place_163,34.5150,36.0297,139,12-08-2020
place_164,33.5017,35.4786,604,06-08-2020
place_165,33.9836,35.6394,602,24-04-2020
place_166,34.5875,36.2219,465,20-02-2020
place_167,34.3942,36.3847,580,18-08-2020
place_168,33.8386,35.6575,259,22-06-2020
place_169,33.9000,35.5667,861,07-05-2020
place_170,34.1539,35.8625,946,19-02-2020
place_171,33.5428,35.3961,686,17-03-2020
place_172,33.4136,35.6253,760,02-05-2020
place_173,33.8767,35.8200,214,08-08-2020
place_174,34.2742,35.7622,137,18-07-2020
place_175,33.6683,35.8264,353,29-02-2020
place_176,34.5250,36.2417,679,18-02-2020
place_177,34.3203,36.2583,946,04-06-2020
place_178,33.2614,35.3667,636,07-04-2020
place_179,34.4072,35.9947,234,19-05-2020
place_180,34.4307,35.9089,495,18-06-2020
place_181,33.6580,35.4505,198,11-02-2020
place_182,34.5044,35.9708,904,19-02-2020
place_183,33.5638,35.3879,844,31-06-2020
place_184,34.0386,35.7189,396,10-02-2020
place_185,33.7619,35.8108,392,17-02-2020
place_186,33.6608,35.4502,157,12-04-2020
place_187,34.3533,35.7842,788,11-08-2020
place_188,33.3683,35.4286,591,03-06-2020
place_189,33.9014,35.6647,225,15-05-2020
place_190,34.4214,36.1397,257,23-03-2020
place_191,34.2197,35.6917,857,02-06-2020
place_192,33.9014,35.6647,644,22-04-2020
place_193,33.8936,35.7933,821,28-04-2020
place_194,33.7348,35.4878,293,29-06-2020
place_195,34.0983,35.7547,828,28-04-2020
place_196,33.8967,35.5056,946,25-06-2020
place_197,34.2731,35.8214,659,18-08-2020
place_198,34.2403,35.7739,541,31-03-2020
place_199,34.2128,35.6547,508,14-03-2020
place_200,33.8959,35.4720,681,12-03-2020
place_201,34.1086,35.7814,167,24-03-2020
place_202,33.3412,35.3828,405,05-07-2020
place_203,33.5372,35.5800,621,12-04-2020
place_204,33.8278,35.5814,333,22-05-2020
place_205,34.1614,35.7872,300,03-03-2020
place_206,33.8153,35.7156,135,20-08-2020
place_207,34.4914,36.0486,102,10-06-2020
place_208,34.5897,36.1239,665,26-02-2020
place_209,33.3259,35.4245,939,04-05-2020
place_210,34.0892,35.7219,209,29-07-2020
place_211,34.1247,35.6892,759,27-03-2020
place_212,33.8486,35.8903,181,02-03-2020
place_213,34.0086,35.7053,766,01-08-2020
place_214,33.8992,35.5864,608,27-07-2020
place_215,34.4933,35.9403,740,04-05-2020
place_216,34.1067,35.6853,442,31-05-2020
place_217,34.1483,36.1653,856,09-06-2020
place_218,33.3966,35.7080,932,07-05-2020
place_219,34.1156,35.7300,363,24-02-2020
place_220,34.5533,36.3642,398,09-04-2020
place_221,33.1772,35.2267,782,31-06-2020
place_222,33.4280,35.2881,572,15-02-2020
place_223,34.2250,36.3361,338,11-07-2020
place_224,33.5386,35.7461,928,30-05-2020
place_225,34.1942,35.9103,662,19-05-2020
place_226,34.3175,35.8817,984,19-02-2020
place_227,34.0144,35.7731,414,17-07-2020
place_228,34.3333,35.9317,928,05-02-2020
place_229,34.6333,35.9778,975,24-03-2020
place_230,34.2233,35.7558,940,31-06-2020
place_231,34.0636,35.6436,704,02-04-2020
place_232,33.9947,35.6761,488,12-06-2020
place_233,34.4756,36.1492,618,11-03-2020
place_234,33.5814,35.4611,226,21-04-2020
place_235,34.1142,35.7675,240,11-03-2020
place_236,34.1336,35.6917,380,21-04-2020
place_237,34.2400,35.9986,372,02-04-2020
place_238,33.9450,35.5953,169,30-04-2020
place_239,34.5347,36.2058,914,10-05-2020
place_240,33.6942,35.5808,307,21-05-2020
place_241,34.6333,36.3000,729,13-03-2020
place_242,34.2389,36.3483,213,24-04-2020
place_243,33.4767,35.4445,121,09-08-2020
place_244,33.7508,35.5836,564,14-03-2020
place_245,33.4767,35.4445,958,29-02-2020
place_246,33.9186,35.6972,431,24-03-2020
place_247,34.2186,35.8458,407,25-03-2020
place_248,33.8900,35.5127,175,10-05-2020
place_249,34.0714,35.6469,399,19-08-2020
place_250,34.6097,35.9861,511,28-04-2020
place_251,33.8978,35.5004,378,19-03-2020
place_252,34.2175,36.0917,257,21-02-2020
place_253,33.3595,35.2740,251,17-03-2020
place_254,33.4670,35.3178,219,23-03-2020
place_255,33.4036,35.6872,252,19-06-2020
place_256,34.0787,35.8537,450,08-02-2020
place_257,34.2619,36.1294,452,02-03-2020
place_258,33.6222,35.4351,349,23-04-2020
place_259,33.8873,35.5284,688,12-06-2020
place_260,33.8094,35.7664,174,02-04-2020
place_261,33.5783,35.4372,749,24-08-2020
place_262,34.1128,35.6650,528,29-04-2020
place_263,33.1267,35.2573,825,17-06-2020
place_264,33.4639,35.3008,861,03-02-2020
place_265,34.0161,35.7367,174,02-06-2020
place_266,33.4767,35.3802,647,31-08-2020
place_267,33.5803,35.7017,891,21-02-2020
place_268,33.7822,35.5931,249,21-08-2020
place_269,33.9611,35.6472,437,18-05-2020
place_270,33.8719,35.5097,344,18-04-2020
place_271,33.3314,35.2528,995,06-06-2020
place_272,33.8617,35.4844,330,05-03-2020
place_273,34.3953,36.0103,371,25-04-2020
place_274,34.5261,36.0561,620,10-05-2020
place_275,34.4133,36.4125,263,20-08-2020
place_276,33.5200,35.8022,639,18-03-2020
place_277,33.3411,35.6844,247,29-08-2020
place_278,34.1992,36.2278,368,29-03-2020
place_279,33.1772,35.2267,509,12-08-2020
place_280,34.2172,35.8375,916,04-04-2020
place_281,33.6942,35.5808,459,30-03-2020
place_282,34.5667,36.0000,688,28-08-2020
place_283,33.9533,35.7358,439,09-07-2020
place_284,34.6033,36.0761,826,26-08-2020
place_285,33.6767,35.4703,772,30-06-2020
place_286,33.9617,35.7728,698,06-03-2020
place_287,33.6858,35.5103,878,06-05-2020
place_288,33.8919,35.6550,413,11-07-2020
place_289,34.5583,36.1503,612,05-03-2020
place_290,34.3325,35.8817,350,16-05-2020
place_291,33.3594,35.5442,859,27-07-2020
place_292,34.0125,35.7747,610,02-06-2020
place_293,33.8617,35.4844,799,16-04-2020
place_294,33.8086,35.6597,657,26-02-2020
place_295,33.3577,35.3534,900,21-03-2020
place_296,34.0497,35.7628,170,11-05-2020
place_297,34.4111,35.9258,192,31-06-2020
place_298,33.1453,35.3647,931,14-05-2020
place_299,33.8319,35.6653,453,18-04-2020
place_300,34.2411,35.9403,509,09-06-2020
place_301,34.4538,35.9118,590,06-04-2020
place_302,34.3947,36.0561,934,06-04-2020
place_303,33.3722,35.3661,454,23-05-2020
place_304,33.9211,35.6600,292,10-04-2020
place_305,34.5503,36.0300,764,13-05-2020
place_306,33.8547,35.6736,530,25-06-2020
place_307,34.6103,36.0183,821,20-07-2020
place_308,33.9294,35.6019,273,16-06-2020
place_309,34.0692,35.8861,159,20-05-2020
place_310,34.6328,36.1172,664,07-04-2020
place_311,33.9114,35.5967,131,26-07-2020
place_312,33.8861,35.6769,554,10-04-2020
place_313,34.2008,35.7847,888,10-03-2020
place_314,34.2411,35.9897,104,12-03-2020
place_315,33.2061,35.2631,528,13-02-2020
place_316,33.1861,35.3875,514,06-04-2020
place_317,33.4367,35.6264,390,08-07-2020
place_318,33.8500,36.3669,156,27-06-2020
place_319,33.8850,35.5039,277,24-04-2020
place_320,34.0842,35.6683,297,28-06-2020
place_321,34.1983,35.7700,565,06-08-2020
place_322,33.8899,35.4739,728,06-03-2020
place_323,33.9872,35.6367,310,07-07-2020
place_324,34.1642,35.8897,142,27-04-2020
place_325,34.5378,36.1789,330,08-07-2020
place_326,34.1547,35.8864,307,16-02-2020
place_327,34.4333,36.4167,534,09-08-2020
place_328,33.3445,35.4369,664,31-05-2020
place_329,34.0058,36.2181,584,02-06-2020
place_330,34.2369,35.7214,875,15-08-2020
place_331,34.2606,35.8425,451,09-06-2020
place_332,33.7625,35.5028,140,30-08-2020
place_333,33.8644,35.5506,803,10-05-2020
place_334,34.3950,36.1925,299,26-06-2020
place_335,33.2772,35.5517,310,07-03-2020
place_336,34.4161,36.0783,566,20-03-2020
place_337,34.1043,35.7303,774,03-05-2020
place_338,33.2039,35.2372,403,25-08-2020
place_339,34.1539,35.8983,979,20-05-2020
place_340,33.8600,35.4938,345,03-07-2020
place_341,34.1214,35.8633,969,05-02-2020
place_342,33.4495,35.2995,711,17-07-2020
place_343,34.1297,35.8747,427,27-04-2020
place_344,33.5381,35.3861,837,12-04-2020
place_345,34.1522,35.6650,196,01-03-2020
place_346,33.8989,35.6806,453,11-03-2020
place_347,33.5119,35.5492,382,29-03-2020
place_348,34.5667,36.0000,526,14-06-2020
place_349,34.6333,36.3128,191,14-06-2020
place_350,33.9883,35.7289,864,10-08-2020
place_351,33.6307,35.4961,935,10-06-2020
place_352,34.0450,35.7208,890,06-04-2020
place_353,34.4473,35.9794,963,24-05-2020
place_354,33.7956,35.8253,218,16-08-2020
place_355,33.7794,35.6092,878,20-05-2020
place_356,34.5117,36.0556,438,22-04-2020
place_357,34.2400,35.9986,503,06-04-2020
place_358,33.7997,35.6183,164,03-05-2020
place_359,33.6725,35.4844,157,29-02-2020
place_360,33.3787,35.4831,191,01-05-2020
place_361,33.8039,35.5458,568,11-04-2020
place_362,33.3428,35.2483,974,22-05-2020
place_363,33.8269,35.6525,292,26-02-2020
place_364,33.7539,35.5450,572,02-04-2020
place_365,33.3428,35.2483,752,18-02-2020
place_366,34.2624,35.9114,164,01-04-2020
place_367,34.4428,36.0789,934,24-02-2020
place_368,34.0447,36.0303,526,09-05-2020
place_369,34.1211,35.6481,125,01-06-2020
place_370,34.3206,35.7969,468,18-07-2020
place_371,34.6119,36.3614,772,30-08-2020
place_372,34.1660,35.6409,969,14-07-2020
place_373,34.1211,35.6481,471,05-03-2020
place_374,34.5925,36.0539,825,12-05-2020
place_375,33.6889,35.4253,845,07-03-2020
place_376,33.8899,35.4739,690,19-06-2020
place_377,34.3471,35.8956,333,19-06-2020
place_378,33.9875,35.7258,181,28-06-2020
place_379,34.4472,35.8567,935,04-08-2020
place_380,33.4715,35.3494,423,19-02-2020
place_381,34.0083,35.6461,894,16-05-2020
place_382,33.1038,35.4444,594,01-06-2020
place_383,33.1706,35.4036,474,03-07-2020
place_384,33.2747,35.4143,849,16-02-2020
place_385,33.3005,35.3142,470,24-04-2020
place_386,34.3175,35.8817,635,15-06-2020
place_387,33.7153,35.7842,630,08-07-2020
place_388,34.2522,35.7044,326,03-04-2020
place_389,33.2542,35.5425,333,06-02-2020
place_390,33.2939,35.2978,494,26-06-2020
place_391,33.9586,35.6328,883,26-06-2020
place_392,33.3639,35.5336,873,11-07-2020
place_393,33.3983,35.6439,303,23-05-2020
place_394,34.5322,36.0103,431,30-06-2020
place_395,33.8133,35.5664,811,03-07-2020
place_396,33.9486,35.7492,292,17-05-2020
place_397,33.9242,35.6292,114,10-06-2020
place_398,33.5958,35.5153,911,28-03-2020
place_399,34.0631,35.7342,671,20-08-2020
place_400,34.2153,35.6933,317,06-08-2020
place_401,34.6333,36.3128,181,14-06-2020
place_402,33.8952,35.4761,121,09-04-2020
place_403,34.0708,35.6667,194,24-03-2020
place_404,34.1692,35.7775,214,26-06-2020
place_405,33.6997,35.4636,875,25-06-2020
place_406,33.2728,35.3525,113,08-06-2020
place_407,33.5142,35.4031,325,27-08-2020
place_408,34.1142,35.7675,384,18-04-2020
place_409,33.4125,35.4000,835,26-03-2020
place_410,33.8667,35.8958,705,12-02-2020
place_411,33.8919,35.6550,939,11-03-2020
place_412,34.3203,36.2514,625,27-05-2020
place_413,33.8914,35.6358,109,14-02-2020
place_414,34.4503,35.9853,288,24-03-2020
place_415,34.3903,35.9014,910,22-05-2020
place_416,34.0300,35.7264,974,25-02-2020
place_417,34.2250,36.3361,273,16-04-2020
place_418,34.1047,36.2136,742,14-05-2020
place_419,33.1676,35.3959,437,09-08-2020
place_420,33.1186,35.4392,448,20-08-2020
place_421,34.3492,35.8591,778,31-06-2020
place_422,34.2361,35.8081,161,17-06-2020
place_423,33.5616,35.3847,994,08-06-2020
place_424,34.5333,36.1711,904,10-06-2020
place_425,34.1553,35.7047,441,02-02-2020
place_426,34.0089,35.7289,798,11-07-2020
place_427,33.3389,35.5500,321,28-06-2020
place_428,33.5628,35.7219,517,08-07-2020
place_429,34.3992,35.9192,888,11-03-2020
place_430,34.2744,35.8522,210,31-03-2020
place_431,33.4089,35.5567,589,08-03-2020
place_432,34.5683,36.0072,646,13-05-2020
place_433,34.6153,36.2458,418,14-06-2020
place_434,34.2447,35.8511,739,07-07-2020
place_435,33.7478,35.4542,696,20-05-2020
place_436,34.1675,35.7069,546,05-06-2020
place_437,34.0792,35.6925,671,13-05-2020
place_438,33.8900,35.5127,782,21-08-2020
place_439,33.4625,35.7078,366,06-06-2020
place_440,33.1415,35.4055,724,07-08-2020
place_441,33.7775,35.5464,830,02-03-2020
place_442,34.4323,35.8924,849,08-08-2020
place_443,33.3831,35.2922,978,20-05-2020
place_444,33.6631,35.6203,278,01-07-2020
place_445,33.4615,35.3527,769,31-04-2020
place_446,33.2954,35.4287,319,19-04-2020
place_447,33.7667,35.5500,204,17-07-2020
place_448,33.6428,35.5867,702,04-04-2020
place_449,33.3331,35.2986,580,27-05-2020
place_450,34.1503,36.1347,877,11-02-2020
place_451,34.0636,35.6963,578,29-03-2020
place_452,34.5503,36.0300,451,11-02-2020
place_453,33.8308,35.5894,830,02-06-2020
place_454,33.9094,35.5903,521,10-08-2020
place_455,34.0636,36.0203,348,06-02-2020
place_456,33.7483,35.5769,492,06-05-2020
place_457,34.0258,35.6297,606,27-08-2020
place_458,34.1153,35.6525,259,23-06-2020
place_459,34.2186,35.8458,808,05-05-2020
place_460,34.5817,36.1781,836,06-04-2020
place_461,34.4369,36.0942,830,16-02-2020
place_462,34.4561,36.0756,764,16-04-2020
place_463,33.6608,35.4502,567,05-02-2020
place_464,34.5678,36.0333,633,21-07-2020
place_465,34.1053,35.7425,590,03-07-2020
place_466,33.5361,35.4619,168,16-06-2020
place_467,34.0483,35.7261,495,29-07-2020
place_468,33.3847,35.4056,153,07-04-2020
place_469,33.2542,35.3806,184,11-05-2020
place_470,34.2397,35.9964,794,03-03-2020
place_471,33.8586,36.1233,839,19-07-2020
place_472,33.7822,35.4889,150,10-07-2020
place_473,34.0091,35.6882,679,23-06-2020
place_474,33.8378,35.5114,141,06-06-2020
place_475,33.5616,35.3847,253,19-08-2020
place_476,34.2239,36.3775,884,17-05-2020
place_477,34.5583,36.3592,366,12-05-2020
place_478,33.9450,35.5953,252,17-02-2020
place_479,34.0358,35.7028,326,14-04-2020
place_480,34.5167,36.3333,941,13-03-2020
place_481,34.4761,36.3464,766,18-05-2020
place_482,33.7814,35.5589,810,23-07-2020
place_483,34.1840,35.6440,673,21-07-2020
place_484,34.2425,35.9831,271,16-03-2020
place_485,34.4269,35.8978,330,21-03-2020
place_486,34.4328,35.9825,100,20-07-2020
place_487,34.0523,35.6755,676,02-06-2020
place_488,33.9083,35.5814,729,10-05-2020
place_489,34.4364,36.4156,686,13-04-2020
place_490,33.7478,35.4542,379,17-08-2020
place_491,33.9150,35.5931,419,21-07-2020
place_492,34.1933,35.6481,442,17-07-2020
place_493,34.1603,35.7000,621,07-03-2020
place_494,34.3256,36.2875,229,05-06-2020
place_495,33.4550,35.5117,291,05-03-2020
place_496,33.6636,35.4494,365,08-07-2020
place_497,34.3969,35.9828,462,28-07-2020
place_498,34.0883,35.7917,298,16-07-2020
place_499,33.9125,35.9944,603,30-07-2020
place_500,34.5025,36.3314,887,20-06-2020
place_501,34.2250,36.3361,791,24-07-2020
place_502,33.7500,35.9167,406,29-08-2020
place_503,33.9267,35.7494,951,08-05-2020
place_504,34.0547,36.0361,715,28-06-2020
place_505,34.3697,35.9097,612,24-04-2020
place_506,34.0067,35.6686,181,04-07-2020
place_507,34.0669,35.6436,957,14-04-2020
place_508,33.4830,35.4209,169,27-08-2020
place_509,33.5894,35.7503,304,16-05-2020
place_510,33.7078,35.4571,705,21-04-2020
place_511,33.8847,35.4883,678,18-06-2020
place_512,33.9442,35.7875,617,14-06-2020
place_513,33.2401,35.4554,443,18-02-2020
place_514,34.5594,36.1231,188,09-08-2020
place_515,33.5616,35.3847,555,04-02-2020
place_516,34.0711,35.6586,496,22-02-2020
place_517,34.3839,36.3372,211,29-05-2020
place_518,33.5764,35.5742,413,28-05-2020
place_519,34.4333,36.0486,743,06-03-2020
place_520,33.8356,35.7078,188,16-04-2020
place_521,34.2089,35.9039,255,24-03-2020
place_522,33.2255,35.3056,934,21-03-2020
place_523,34.2861,35.6914,111,01-08-2020
place_524,34.3535,35.8739,144,11-08-2020
place_525,34.0664,35.6794,558,25-03-2020
place_526,34.1811,35.7133,111,23-06-2020
place_527,33.8497,35.9042,528,04-03-2020
place_528,33.2070,35.4034,523,24-05-2020
place_529,34.0344,35.6392,616,31-07-2020
place_530,33.9017,35.7756,407,24-08-2020
place_531,33.1761,35.4433,926,10-02-2020
place_532,34.4783,36.0333,156,24-02-2020
place_533,34.3114,36.0092,207,15-05-2020
place_534,33.8314,35.5100,195,02-02-2020
place_535,34.5817,36.1781,113,27-07-2020
place_536,34.0003,35.7017,715,20-03-2020
place_537,34.2367,35.7775,737,30-07-2020
place_538,34.2308,35.8847,583,13-04-2020
place_539,34.0436,35.6414,911,13-04-2020
place_540,34.3947,36.0561,970,07-02-2020
place_541,33.1861,35.3875,678,22-06-2020
place_542,33.8108,35.6892,950,19-03-2020
place_543,33.8597,35.4839,890,10-05-2020
place_544,33.8344,35.8156,736,29-04-2020
place_545,33.8739,35.4825,881,25-07-2020
place_546,34.1461,35.6403,161,09-02-2020
place_547,34.1036,35.7586,696,10-08-2020
place_548,34.0172,35.7924,235,05-05-2020
place_549,33.6808,35.5281,292,14-04-2020
place_550,33.2070,35.4034,709,08-08-2020
place_551,33.9572,35.6561,524,18-04-2020
place_552,33.5372,35.5800,118,31-03-2020
place_553,33.7064,35.6814,198,08-07-2020
place_554,33.9300,36.0678,468,05-04-2020
place_555,33.2725,35.2125,879,05-05-2020
place_556,34.0636,36.0203,785,04-06-2020
place_557,33.1153,35.4714,933,04-04-2020
place_558,33.2728,35.3525,747,17-08-2020
place_559,33.3081,35.3261,489,28-04-2020
place_560,33.5669,35.5769,961,03-04-2020
place_561,33.3787,35.4831,871,11-04-2020
place_562,33.9167,35.6833,835,11-07-2020
place_563,33.9881,35.6839,389,27-06-2020
place_564,33.5372,35.5800,642,29-03-2020
place_565,34.2053,35.9156,196,18-07-2020
place_566,33.8156,35.6272,116,08-06-2020
place_567,33.9017,35.7756,605,24-05-2020
place_568,33.2747,35.4143,381,21-06-2020
place_569,34.5425,36.0075,704,14-02-2020
place_570,33.4069,35.5589,756,12-02-2020
place_571,33.4414,35.4978,635,02-05-2020
place_572,33.6636,35.4494,116,12-06-2020
place_573,33.4109,35.2793,206,03-03-2020
place_574,34.1397,35.7686,994,02-08-2020
place_575,33.3838,35.6857,862,03-07-2020
place_576,33.8597,35.6889,398,13-07-2020
place_577,34.0067,35.6817,686,16-08-2020
place_578,34.5392,36.0758,314,10-07-2020
place_579,33.9531,35.6283,564,24-06-2020
place_580,33.7247,35.8539,170,06-04-2020
place_581,34.4036,36.0158,122,08-02-2020
place_582,34.6436,36.3528,277,28-08-2020
place_583,33.9397,35.7950,939,13-05-2020
place_584,33.8879,35.4782,689,03-08-2020
place_585,33.9083,35.8778,475,29-02-2020
place_586,33.9733,35.7856,237,17-06-2020
place_587,34.0992,35.6561,313,16-08-2020
place_588,34.3136,36.3322,469,20-02-2020
place_589,33.9097,35.6592,964,28-08-2020
place_590,33.3717,35.6681,315,22-03-2020
place_591,33.8950,35.4828,177,01-07-2020
place_592,33.6600,35.4969,323,24-07-2020
place_593,34.4474,35.9597,268,28-07-2020
place_594,34.5250,36.2417,566,18-06-2020
place_595,34.4022,35.9128,1000,04-07-2020
place_596,34.2731,35.8878,806,09-07-2020
place_597,34.3078,35.9672,175,19-03-2020
place_598,33.4936,35.8194,108,09-02-2020
place_599,34.4367,35.8497,287,16-04-2020
place_600,33.4463,35.3944,529,09-07-2020
place_601,34.3317,35.7861,473,26-08-2020
place_602,34.3067,35.7133,321,22-04-2020
place_603,34.4914,35.9778,246,14-03-2020
place_604,34.0164,35.8119,108,18-05-2020
place_605,34.5211,36.0358,848,28-06-2020
place_606,34.3428,35.7575,421,20-06-2020
place_607,33.8086,35.5178,752,27-06-2020
place_608,33.9453,35.7428,269,26-04-2020
place_609,34.2397,35.9964,214,17-05-2020
place_610,33.9525,35.7358,969,20-02-2020
place_611,33.4171,35.3852,828,25-03-2020
place_612,33.2954,35.4287,879,18-05-2020
place_613,33.8231,35.8747,245,01-08-2020
place_614,34.2117,35.8706,134,27-08-2020
place_615,33.6578,35.4861,693,03-04-2020
place_616,34.1842,36.2258,784,05-02-2020
place_617,34.5189,36.1728,576,19-08-2020
place_618,34.2322,36.2828,370,19-03-2020
place_619,34.3264,35.9611,540,12-08-2020
place_620,33.8478,35.6644,411,23-06-2020
place_621,34.1425,35.6861,186,14-03-2020
place_622,34.1214,35.9031,499,30-05-2020
place_623,34.1214,35.8633,369,31-02-2020
place_624,33.8697,36.0283,281,11-06-2020
place_625,34.1200,35.9019,142,04-04-2020
place_626,33.7147,35.6511,798,19-04-2020
place_627,34.0111,36.0464,380,16-08-2020
place_628,34.1539,35.8983,165,27-05-2020
place_629,33.8925,35.4836,364,02-04-2020
place_630,33.5558,35.3849,269,11-06-2020
place_631,33.1761,35.4433,166,13-03-2020
place_632,34.1953,36.3561,865,11-08-2020
place_633,34.3678,36.2772,513,16-03-2020
place_634,33.6222,35.4351,582,29-04-2020
place_635,33.9044,35.5858,856,10-08-2020
place_636,34.0289,35.6822,890,21-03-2020
place_637,33.9758,35.7453,831,22-04-2020
place_638,34.0761,35.7130,318,11-08-2020
place_639,34.0197,35.6842,189,22-06-2020
place_640,33.8036,35.8044,997,23-03-2020
place_641,34.3175,36.3114,649,17-04-2020
place_642,33.7872,35.8169,187,31-02-2020
place_643,33.5614,35.6703,861,16-02-2020
place_644,33.2685,35.2241,761,29-03-2020
place_645,33.9639,35.8139,723,28-04-2020
place_646,34.5322,36.0103,816,31-02-2020
place_647,33.1989,35.2767,576,02-04-2020
place_648,34.1328,35.7036,153,20-04-2020
place_649,34.0017,36.0992,844,21-05-2020
place_650,33.6978,35.5636,468,12-04-2020
place_651,34.1259,35.7133,150,15-05-2020
place_652,34.1594,35.6856,698,27-02-2020
place_653,34.1842,35.6936,842,07-02-2020
place_654,33.4189,35.7386,806,10-08-2020
place_655,33.4667,35.5875,758,05-07-2020
place_656,34.0067,35.6686,229,13-07-2020
place_657,33.6580,35.4505,736,14-08-2020
place_658,34.4367,35.8497,961,20-07-2020
place_659,33.8125,35.8708,240,06-03-2020
place_660,34.0311,35.7619,124,25-02-2020
place_661,34.0928,35.7381,187,07-04-2020
place_662,33.3289,35.2453,594,14-08-2020
place_663,34.0761,35.7130,262,11-07-2020
place_664,33.5950,35.4492,631,04-02-2020
place_665,33.4610,35.3254,150,18-08-2020
place_666,33.8983,35.7247,102,14-06-2020
place_667,34.0246,35.6853,270,19-02-2020
place_668,33.3787,35.4831,387,29-06-2020
place_669,33.9389,35.7083,238,11-06-2020
place_670,33.5654,35.3947,635,17-02-2020
place_671,34.4667,36.1500,339,26-08-2020
place_672,34.1931,35.6347,149,25-04-2020
place_673,33.8553,35.7264,906,25-08-2020
place_674,34.2267,35.7133,936,14-08-2020
place_675,34.1115,35.7367,776,29-04-2020
place_676,33.2808,35.3711,306,27-02-2020
place_677,34.2242,35.8003,350,26-06-2020
place_678,34.2089,35.9039,322,10-07-2020
place_679,33.9192,35.6403,409,20-03-2020
place_680,33.8533,35.5239,688,28-05-2020
place_681,34.0736,35.8175,542,29-06-2020
place_682,34.0094,35.7092,951,01-02-2020
place_683,33.8244,35.8356,381,22-06-2020
place_684,34.2853,36.3556,470,17-05-2020
place_685,34.0483,35.7261,852,10-02-2020
place_686,34.6228,36.2156,195,09-04-2020
place_687,33.9881,35.7058,482,24-08-2020
place_688,34.3604,35.9202,642,08-08-2020
place_689,34.2108,35.6492,625,25-04-2020
place_690,33.1806,35.4422,991,19-05-2020
place_691,34.2669,35.8653,136,01-03-2020
place_692,34.2519,35.8414,353,14-04-2020
place_693,34.1800,35.7150,915,04-02-2020
place_694,33.2725,35.2125,485,27-03-2020
place_695,33.3997,35.5925,203,17-05-2020
place_696,33.6267,35.4675,160,17-02-2020
place_697,33.5553,35.4939,144,01-05-2020
place_698,34.2856,36.3056,471,15-03-2020
place_699,34.0622,35.6853,261,27-08-2020
place_700,33.8869,35.4900,406,10-03-2020
place_701,33.2913,35.2596,766,18-06-2020
place_702,34.2636,35.6781,992,19-02-2020
place_703,34.5744,36.1272,908,27-06-2020
place_704,33.9283,35.8200,192,29-04-2020
place_705,33.7950,35.6511,834,27-02-2020
place_706,34.0392,35.7231,309,14-08-2020
place_707,34.5053,36.1450,719,21-08-2020
place_708,34.2175,35.6889,107,30-02-2020
place_709,34.5011,36.0925,843,15-05-2020
place_710,33.9211,35.6600,154,19-05-2020
place_711,34.1500,36.1000,446,27-07-2020
place_712,34.4808,36.1542,434,18-04-2020
place_713,33.5011,35.5122,540,21-02-2020
place_714,34.0392,35.7231,119,21-04-2020
place_715,33.4267,35.5600,883,13-06-2020
place_716,34.2731,35.8878,478,02-04-2020
place_717,33.2222,35.4647,290,26-02-2020
place_718,33.6289,35.6061,626,14-04-2020
place_719,34.2986,35.9439,847,23-08-2020
place_720,33.3118,35.7064,908,01-08-2020
place_721,34.0142,35.7675,242,13-04-2020
place_722,33.3925,35.2772,188,17-03-2020
place_723,33.4911,35.3799,272,12-06-2020
place_724,33.3453,35.2481,488,28-08-2020
place_725,34.1869,36.0811,165,18-03-2020
place_726,33.9144,35.6531,831,10-06-2020
place_727,33.8508,36.0117,368,29-02-2020
place_728,33.6344,35.4934,610,01-07-2020
place_729,33.9747,35.7800,519,07-08-2020
place_730,34.2236,35.6914,494,04-07-2020
place_731,34.4503,35.9853,540,22-03-2020
place_732,34.1739,35.9031,409,05-08-2020
place_733,34.3604,35.9202,443,07-04-2020
place_734,33.7875,35.6408,167,14-08-2020
place_735,33.3067,35.4431,428,28-02-2020
place_736,34.3583,35.9338,620,21-04-2020
place_737,34.1344,36.1422,139,07-05-2020
place_738,34.1811,35.7133,197,10-03-2020
place_739,34.1983,35.7700,905,21-06-2020
place_740,34.4919,35.9976,812,31-06-2020
place_741,34.3697,35.9097,324,15-06-2020
place_742,33.4189,35.7386,244,09-07-2020
place_743,33.4379,35.2834,503,04-03-2020
place_744,34.6261,36.3772,845,06-05-2020
place_745,33.9653,35.7139,494,04-05-2020
place_746,33.4592,35.6667,810,21-07-2020
place_747,33.4195,35.3583,273,09-08-2020
place_748,34.3358,36.3694,817,17-08-2020
place_749,34.5631,36.1267,585,18-07-2020
place_750,34.0400,35.6719,464,02-04-2020
place_751,33.8850,35.7075,778,12-07-2020
place_752,33.8919,35.6550,617,03-07-2020
place_753,34.1628,35.7031,503,30-06-2020
place_754,34.0838,35.7564,901,04-04-2020
place_755,34.3358,36.3694,529,24-07-2020
place_756,33.8967,35.5056,596,18-06-2020
place_757,33.8786,36.0931,463,10-04-2020
place_758,33.8156,35.6272,800,08-02-2020
place_759,33.9014,35.6647,706,29-08-2020
place_760,33.3028,35.4714,637,11-04-2020
place_761,34.0111,36.0464,300,08-08-2020
place_762,34.3642,35.9722,526,27-05-2020
place_763,33.4189,35.7386,154,11-06-2020
place_764,33.6728,35.7667,814,22-05-2020
place_765,33.8494,36.0275,156,25-07-2020
place_766,34.6089,36.1636,628,21-05-2020
place_767,34.3528,36.3881,165,07-02-2020
place_768,34.5436,36.3631,246,07-05-2020
place_769,34.2425,35.9831,486,27-02-2020
place_770,34.1739,35.9031,820,22-06-2020
place_771,33.6997,35.4636,231,28-05-2020
place_772,34.2308,36.3428,254,01-07-2020
place_773,34.5592,36.1061,471,09-08-2020
place_774,34.1529,35.6550,865,18-03-2020
place_775,33.0971,35.3367,843,15-03-2020
place_776,33.8183,35.5947,624,26-03-2020
place_777,34.4367,35.8497,804,09-06-2020
place_778,33.4822,35.7242,456,05-08-2020
place_779,33.7906,35.5569,859,21-06-2020
place_780,33.5381,35.3861,809,12-02-2020
place_781,33.4200,35.7136,869,17-08-2020
place_782,33.3784,35.3537,709,02-02-2020
place_783,34.1503,35.6817,480,31-04-2020
place_784,34.3728,36.3436,952,18-05-2020
place_785,33.9328,35.8203,480,25-02-2020
place_786,34.2153,35.6933,701,19-05-2020
place_787,33.8719,35.5097,779,30-08-2020
place_788,34.4300,35.9203,131,27-04-2020
place_789,33.8919,35.5547,486,01-06-2020
place_790,33.2842,35.6564,584,01-08-2020
place_791,33.1767,35.4028,821,08-04-2020
place_792,34.2369,35.7214,413,17-02-2020
place_793,34.1478,35.6443,906,20-06-2020
place_794,33.4465,35.3828,257,16-08-2020
place_795,33.6753,35.4781,987,10-06-2020
place_796,33.8189,35.5319,644,31-04-2020
place_797,33.4697,35.3525,980,20-02-2020
place_798,34.0600,35.7161,709,01-04-2020
place_799,33.5248,35.4609,171,12-07-2020
place_800,34.0086,35.7053,165,29-06-2020
place_801,33.2519,35.5350,904,25-03-2020
place_802,33.7431,35.5675,916,06-02-2020
place_803,34.2233,35.7558,889,09-08-2020
place_804,33.9881,35.6839,624,03-02-2020
place_805,33.8361,35.8239,621,15-07-2020
place_806,34.0372,35.7433,439,17-04-2020
place_807,34.0525,35.6639,748,08-03-2020
place_808,33.7717,35.4897,156,24-03-2020
place_809,34.5428,36.0797,108,30-04-2020
place_810,34.1211,35.6481,152,06-06-2020
place_811,33.4122,35.5639,870,14-02-2020
place_812,34.1881,35.9050,558,16-06-2020
place_813,34.1964,36.0792,152,24-08-2020
place_814,33.8903,35.5436,458,02-02-2020
place_815,33.5333,35.7833,143,08-06-2020
place_816,33.1558,35.1639,724,08-08-2020
place_817,34.2153,35.6933,455,15-06-2020
place_818,34.3031,36.2611,779,05-04-2020
place_819,33.2205,35.2362,981,18-03-2020
place_820,34.1972,35.7597,861,11-02-2020
place_821,33.4893,35.7544,620,29-03-2020
place_822,33.8203,35.8153,143,06-05-2020
place_823,33.6361,35.4172,682,08-03-2020
place_824,33.7181,35.5814,421,12-02-2020
place_825,33.2883,35.2422,911,05-06-2020
place_826,34.2275,35.6628,956,10-06-2020
place_827,33.3431,35.2997,605,19-07-2020
place_828,34.0761,35.7842,415,04-03-2020
place_829,34.0923,35.8706,809,10-05-2020
place_830,34.2241,35.8655,877,19-08-2020
place_831,33.2190,35.3753,656,26-03-2020
place_832,33.9217,35.8008,805,16-07-2020
place_833,34.2633,35.6639,751,26-07-2020
place_834,33.7575,35.5297,836,18-02-2020
place_835,34.4614,36.0289,849,16-04-2020
place_836,33.4715,35.3494,921,19-08-2020
place_837,33.8719,35.5097,325,13-05-2020
place_838,33.7853,35.9931,825,01-05-2020
place_839,33.3955,35.7158,178,04-05-2020
place_840,34.6094,36.1547,835,28-05-2020
place_841,33.8083,35.5706,504,30-06-2020
place_842,33.3661,35.2708,769,12-06-2020
place_843,34.0973,35.6996,940,30-06-2020
place_844,33.7933,35.5131,730,13-07-2020
place_845,34.0125,36.2069,884,01-03-2020
place_846,33.9317,35.6353,527,07-03-2020
place_847,33.7667,35.5500,773,21-06-2020
place_848,34.1800,36.1603,984,18-04-2020
place_849,33.5348,35.4708,959,09-06-2020
place_850,34.0467,35.6489,656,14-03-2020
place_851,34.0603,35.8222,349,08-07-2020
place_852,34.1750,35.9128,932,18-06-2020
place_853,33.8622,35.5883,767,24-03-2020
place_854,33.1906,35.3106,998,04-04-2020
place_855,34.3817,35.9325,618,20-06-2020
place_856,34.0578,36.0408,459,20-07-2020
place_857,34.1043,35.7303,916,09-08-2020
place_858,34.0714,35.6542,589,09-02-2020
place_859,34.2314,35.7756,522,28-05-2020
place_860,33.8486,35.8903,655,20-07-2020
place_861,33.3830,35.2676,591,06-08-2020
place_862,33.4832,35.4558,214,08-02-2020
place_863,33.2808,35.3711,697,10-04-2020
place_864,34.1649,35.6639,253,25-06-2020
place_865,34.3833,36.3103,380,26-08-2020
place_866,34.1075,36.0578,602,11-04-2020
place_867,34.3372,36.3350,166,19-08-2020
place_868,34.4037,35.8169,265,17-02-2020
place_869,33.1186,35.4392,990,13-03-2020
place_870,33.9878,36.1792,260,16-02-2020
place_871,34.2128,35.6547,130,16-06-2020
place_872,33.4422,35.5839,958,27-04-2020
place_873,33.2331,35.2697,958,20-03-2020
place_874,33.4650,35.5750,742,08-08-2020
place_875,33.1453,35.3647,376,31-02-2020
place_876,33.9453,35.7428,832,25-07-2020
place_877,33.7717,35.6864,730,21-04-2020
place_878,33.7603,35.6453,796,13-08-2020
place_879,33.3317,35.5264,998,06-02-2020
place_880,34.2197,35.6917,150,01-07-2020
place_881,34.4889,36.0522,357,20-03-2020
place_882,34.3605,35.9898,997,22-08-2020
place_883,33.9675,35.8197,749,09-03-2020
place_884,34.4403,36.0672,552,03-04-2020
place_885,34.0058,36.2181,791,23-03-2020
place_886,33.7200,35.8553,969,12-03-2020
place_887,34.0636,35.6963,822,01-07-2020
place_888,34.2314,35.7625,163,20-06-2020
place_889,34.3072,36.3103,370,18-04-2020
place_890,33.8033,35.5122,901,01-02-2020
place_891,33.6633,35.6067,761,31-07-2020
place_892,33.6106,35.9989,901,21-07-2020
place_893,34.1906,35.9236,296,20-04-2020
place_894,34.4767,36.1825,274,26-05-2020
place_895,33.9050,35.7436,538,24-02-2020
place_896,34.0386,35.7189,836,22-08-2020
place_897,34.0458,35.7592,662,17-06-2020
place_898,34.4825,36.1147,402,13-04-2020
place_899,34.0106,35.6586,459,07-06-2020
place_900,33.9903,36.1336,348,03-05-2020
place_901,33.5456,35.4403,340,07-02-2020
place_902,34.1592,35.8717,872,23-03-2020
place_903,34.0461,35.6322,818,26-02-2020
place_904,33.9658,35.7028,295,23-02-2020
place_905,33.9836,35.6394,270,26-05-2020
place_906,34.2636,35.6781,494,02-07-2020
place_907,33.8189,35.5600,441,25-03-2020
place_908,33.2190,35.3753,341,23-08-2020
place_909,34.0067,35.6686,493,29-04-2020
place_910,33.5372,35.5800,375,29-04-2020
place_911,34.3067,35.7133,320,03-03-2020
place_912,34.5189,36.1728,912,09-05-2020
place_913,33.2842,35.6564,816,17-07-2020
place_914,34.1267,35.7247,149,01-03-2020
place_915,34.0263,35.6486,609,10-08-2020
place_916,34.0371,35.6408,757,07-08-2020
place_917,34.3389,35.9386,284,13-03-2020
place_918,34.1422,35.6386,876,02-08-2020
place_919,34.2172,35.7039,729,03-07-2020
place_920,33.4715,35.3494,208,27-05-2020
place_921,33.6486,35.8864,171,16-05-2020
place_922,34.1942,35.7978,980,22-06-2020
place_923,34.3286,35.7300,697,06-06-2020
place_924,33.6942,35.5808,186,08-03-2020
place_925,33.9181,36.1414,628,03-07-2020
place_926,34.4042,35.9272,528,22-04-2020
place_927,34.1872,35.7886,941,09-05-2020
place_928,33.8908,35.4928,495,25-02-2020
place_929,34.2822,35.6731,647,13-04-2020
place_930,34.3344,36.3250,709,13-04-2020
place_931,33.9761,35.6561,442,28-04-2020
place_932,33.5778,35.3853,748,04-06-2020
place_933,33.2097,35.4069,815,26-03-2020
place_934,33.5044,35.7961,271,03-08-2020
place_935,33.8050,35.6347,648,20-07-2020
place_936,33.8886,35.6508,975,14-05-2020
place_937,33.4089,35.5567,367,12-02-2020
place_938,33.9026,35.5363,158,31-04-2020
place_939,33.9261,35.6736,780,04-02-2020
place_940,34.0861,35.7644,918,04-07-2020
place_941,34.5267,36.1319,207,02-06-2020
place_942,33.6725,35.4844,493,24-05-2020
place_943,33.8261,35.5439,506,23-03-2020
place_944,34.2619,36.1294,454,30-05-2020
place_945,34.1647,35.8044,998,27-08-2020
place_946,34.0664,35.6794,928,24-02-2020
place_947,34.1547,35.7631,806,13-07-2020
place_948,33.3661,35.2708,612,01-07-2020
place_949,34.2361,35.8081,224,13-04-2020
place_950,34.4766,36.0002,998,23-03-2020
place_951,34.6211,36.2731,508,26-06-2020
place_952,33.6575,35.6144,941,16-08-2020
place_953,33.8308,35.5894,425,25-02-2020
place_954,34.5883,36.0792,269,15-08-2020
place_955,33.4877,35.4728,112,27-03-2020
place_956,33.8814,35.5694,727,07-06-2020
place_957,33.2733,35.4636,757,28-04-2020
place_958,34.4072,35.9947,107,26-04-2020
place_959,33.5599,35.3756,389,12-08-2020
place_960,33.8811,35.6453,270,22-05-2020
place_961,33.1342,35.3328,500,07-08-2020
place_962,33.7617,35.5661,867,05-05-2020
place_963,34.3264,35.8936,308,02-04-2020
place_964,34.6231,36.3239,171,11-08-2020
place_965,33.4483,35.4689,777,12-02-2020
place_966,33.3825,35.3614,426,17-03-2020
place_967,34.3233,35.9703,758,03-06-2020
place_968,34.2469,35.9258,256,06-06-2020
place_969,34.6275,36.0767,840,25-02-2020
place_970,33.8211,35.7069,509,31-05-2020
place_971,34.1452,35.6742,998,23-04-2020
place_972,34.3853,36.0311,631,10-05-2020
place_973,33.8053,35.6000,381,01-07-2020
place_974,33.8667,35.8958,214,14-02-2020
place_975,34.0416,35.7352,966,07-03-2020
place_976,33.4739,35.5433,729,06-02-2020
place_977,34.3758,36.0486,134,02-06-2020
place_978,33.8422,35.7136,382,23-02-2020
place_979,33.8219,35.7394,142,17-07-2020
place_980,33.5358,35.4483,366,29-03-2020
place_981,33.7617,35.4653,453,22-08-2020
place_982,34.0922,35.6731,843,01-05-2020
place_983,33.1231,35.2358,340,28-03-2020
place_984,33.5494,35.8531,435,21-04-2020
place_985,34.2450,35.9278,778,21-07-2020
place_986,33.5614,35.6703,988,17-03-2020
place_987,33.1656,35.2669,743,23-02-2020
place_988,33.5011,35.5122,745,03-02-2020
place_989,34.6275,36.0767,799,23-06-2020
place_990,33.4211,35.7103,732,04-08-2020
place_991,33.9869,35.7128,335,07-07-2020
place_992,34.2889,36.2681,922,08-06-2020
place_993,33.8959,35.4720,282,15-05-2020
place_994,33.4764,35.7549,666,13-04-2020
place_995,33.3639,35.2511,248,30-05-2020
place_996,34.4272,35.9939,495,21-05-2020
place_997,34.1789,35.7108,150,27-03-2020
place_998,33.9733,35.7417,470,16-05-2020
place_999,33.1772,35.3978,697,16-08-2020
